{
    "name": "riot",
    "mode": "GET",
    "type": "web",
    "src": "https://na.api.pvp.net/api/lol/na/v1.4/",
    "info": {
        "title": "riot",
        "author": "admin",
        "description": "Riot Games is the company that created League of Legends (LoL), a multiplayer online battle arena game. The Riot Games website provides statistics on LoL games, rankings, runes, masteries, and more. Developers can access this data securely and reliably using the Riot Games REST API on the developer website.",
        "icon": "riot.png"
    },
    "parameter": {
        "api_key": "string"
    },
    "interface": "",
    "mapping": {}
}