{
    "name": "elophant",
    "mode": "GET",
    "type": "web",
    "src": "api.elophant.com/v2/",
    "info": {
        "title": "elophant",
        "author": "admin",
        "description": "Elophant is a service for League of Legends (LoL), a free online game in which players take on the role of a summoner who can summon champions to fight for them. Elophant provides information on summoners (player stats), champions, and items within the game. Developers can retrieve information from the Elophant database programmatically using REST calls.",
        "icon": "elophant.png"
    },
    "parameter": {
        "key": "string"
    },
    "interface": "",
    "mapping": {}
}